{
  "mean": [
    153.4346153846154,
    194.78835897435894,
    114.13936538461537,
    0.006469871794871795,
    4.5532051282051295e-05,
    0.0034521794871794874,
    0.003584358974358975,
    0.010357371794871796,
    0.03097602564102564,
    0.2953782051282052,
    0.016318397435897438,
    0.018597179487179486,
    0.02532801282051282,
    0.04895519230769231,
    0.026613717948717943,
    21.683121794871795,
    0.500808891025641,
    0.7189575320512821,
    -5.678806307692308,
    0.22664860256410263,
    2.3939840384615385,
    0.20957430128205126
  ],
  "scale": [
    40.148346140772105,
    88.65983266264703,
    41.69199489942184,
    0.0052207544384543095,
    3.679106285565358e-05,
    0.003210719284951382,
    0.0029685261774168685,
    0.009632463880037656,
    0.019979972141336268,
    0.20769033108825183,
    0.010734332918305592,
    0.01261846692072071,
    0.018200330562645813,
    0.03220257768530964,
    0.04401308267360136,
    4.610130856843142,
    0.10305053267647282,
    0.054937346032037655,
    1.0743850539478066,
    0.08063692594409734,
    0.40074696081068234,
    0.09052055070700937
  ],
  "feature_names": [
    "MDVP:Fo(Hz)",
    "MDVP:Fhi(Hz)",
    "MDVP:Flo(Hz)",
    "MDVP:Jitter(%)",
    "MDVP:Jitter(Abs)",
    "MDVP:RAP",
    "MDVP:PPQ",
    "Jitter:DDP",
    "MDVP:Shimmer",
    "MDVP:Shimmer(dB)",
    "Shimmer:APQ3",
    "Shimmer:APQ5",
    "MDVP:APQ",
    "Shimmer:DDA",
    "NHR",
    "HNR",
    "RPDE",
    "DFA",
    "spread1",
    "spread2",
    "D2",
    "PPE"
  ],
  "optimal_threshold": 0.6968181818181819
}